<?xml version="1.0" encoding="UTF-8"?>
<paises>
   <pais>
      <codigo>004</codigo>
      <nome>Afeganistão</nome>
      <ordem>1</ordem>
      <sigla2>AF</sigla2>
      <sigla3>AFG</sigla3>
   </pais>
   <pais>
      <codigo>710</codigo>
      <nome>África do Sul</nome>
      <ordem>2</ordem>
      <sigla2>ZA</sigla2>
      <sigla3>ZAF</sigla3>
   </pais>
   <pais>
      <codigo>008</codigo>
      <nome>Albânia</nome>
      <ordem>3</ordem>
      <sigla2>AL</sigla2>
      <sigla3>ALB</sigla3>
   </pais>
   <pais>
      <codigo>276</codigo>
      <nome>Alemanha</nome>
      <ordem>4</ordem>
      <sigla2>DE</sigla2>
      <sigla3>DEU</sigla3>
   </pais>
   <pais>
      <codigo>020</codigo>
      <nome>Andorra</nome>
      <ordem>5</ordem>
      <sigla2>AD</sigla2>
      <sigla3>AND</sigla3>
   </pais>
   <pais>
      <codigo>024</codigo>
      <nome>Angola</nome>
      <ordem>6</ordem>
      <sigla2>AO</sigla2>
      <sigla3>AGO</sigla3>
   </pais>
   <pais>
      <codigo>660</codigo>
      <nome>Anguilla</nome>
      <ordem>7</ordem>
      <sigla2>AI</sigla2>
      <sigla3>AIA</sigla3>
   </pais>
   <pais>
      <codigo>010</codigo>
      <nome>Antártida</nome>
      <ordem>8</ordem>
      <sigla2>AQ</sigla2>
      <sigla3>ATA</sigla3>
   </pais>
   <pais>
      <codigo>028</codigo>
      <nome>Antígua e Barbuda</nome>
      <ordem>9</ordem>
      <sigla2>AG</sigla2>
      <sigla3>ATG</sigla3>
   </pais>
   <pais>
      <codigo>530</codigo>
      <nome>Antilhas Holandesas</nome>
      <ordem>10</ordem>
      <sigla2>AN</sigla2>
      <sigla3>ANT</sigla3>
   </pais>
   <pais>
      <codigo>682</codigo>
      <nome>Arábia Saudita</nome>
      <ordem>11</ordem>
      <sigla2>SA</sigla2>
      <sigla3>SAU</sigla3>
   </pais>
   <pais>
      <codigo>012</codigo>
      <nome>Argélia</nome>
      <ordem>12</ordem>
      <sigla2>DZ</sigla2>
      <sigla3>DZA</sigla3>
   </pais>
   <pais>
      <codigo>032</codigo>
      <nome>Argentina</nome>
      <ordem>13</ordem>
      <sigla2>AR</sigla2>
      <sigla3>ARG</sigla3>
   </pais>
   <pais>
      <codigo>51</codigo>
      <nome>Armênia</nome>
      <ordem>14</ordem>
      <sigla2>AM</sigla2>
      <sigla3>ARM</sigla3>
   </pais>
   <pais>
      <codigo>533</codigo>
      <nome>Aruba</nome>
      <ordem>15</ordem>
      <sigla2>AW</sigla2>
      <sigla3>ABW</sigla3>
   </pais>
   <pais>
      <codigo>036</codigo>
      <nome>Austrália</nome>
      <ordem>16</ordem>
      <sigla2>AU</sigla2>
      <sigla3>AUS</sigla3>
   </pais>
   <pais>
      <codigo>040</codigo>
      <nome>Áustria</nome>
      <ordem>17</ordem>
      <sigla2>AT</sigla2>
      <sigla3>AUT</sigla3>
   </pais>
   <pais>
      <codigo>31</codigo>
      <nome>Azerbaijão</nome>
      <ordem>18</ordem>
      <sigla2>AZ</sigla2>
      <sigla3>AZE</sigla3>
   </pais>
   <pais>
      <codigo>044</codigo>
      <nome>Bahamas</nome>
      <ordem>19</ordem>
      <sigla2>BS</sigla2>
      <sigla3>BHS</sigla3>
   </pais>
   <pais>
      <codigo>048</codigo>
      <nome>Bahrein</nome>
      <ordem>20</ordem>
      <sigla2>BH</sigla2>
      <sigla3>BHR</sigla3>
   </pais>
   <pais>
      <codigo>050</codigo>
      <nome>Bangladesh</nome>
      <ordem>21</ordem>
      <sigla2>BD</sigla2>
      <sigla3>BGD</sigla3>
   </pais>
   <pais>
      <codigo>052</codigo>
      <nome>Barbados</nome>
      <ordem>22</ordem>
      <sigla2>BB</sigla2>
      <sigla3>BRB</sigla3>
   </pais>
   <pais>
      <codigo>112</codigo>
      <nome>Belarus</nome>
      <ordem>23</ordem>
      <sigla2>BY</sigla2>
      <sigla3>BLR</sigla3>
   </pais>
   <pais>
      <codigo>056</codigo>
      <nome>Bélgica</nome>
      <ordem>24</ordem>
      <sigla2>BE</sigla2>
      <sigla3>BEL</sigla3>
   </pais>
   <pais>
      <codigo>084</codigo>
      <nome>Belize</nome>
      <ordem>25</ordem>
      <sigla2>BZ</sigla2>
      <sigla3>BLZ</sigla3>
   </pais>
   <pais>
      <codigo>204</codigo>
      <nome>Benin</nome>
      <ordem>26</ordem>
      <sigla2>BJ</sigla2>
      <sigla3>BEN</sigla3>
   </pais>
   <pais>
      <codigo>060</codigo>
      <nome>Bermudas</nome>
      <ordem>27</ordem>
      <sigla2>BM</sigla2>
      <sigla3>BMU</sigla3>
   </pais>
   <pais>
      <codigo>068</codigo>
      <nome>Bolívia</nome>
      <ordem>28</ordem>
      <sigla2>BO</sigla2>
      <sigla3>BOL</sigla3>
   </pais>
   <pais>
      <codigo>070</codigo>
      <nome>Bósnia-Herzegóvina</nome>
      <ordem>29</ordem>
      <sigla2>BA</sigla2>
      <sigla3>BIH</sigla3>
   </pais>
   <pais>
      <codigo>072</codigo>
      <nome>Botsuana</nome>
      <ordem>30</ordem>
      <sigla2>BW</sigla2>
      <sigla3>BWA</sigla3>
   </pais>
   <pais>
      <codigo>076</codigo>
      <nome>Brasil</nome>
      <ordem>31</ordem>
      <sigla2>BR</sigla2>
      <sigla3>BRA</sigla3>
   </pais>
   <pais>
      <codigo>096</codigo>
      <nome>Brunei</nome>
      <ordem>32</ordem>
      <sigla2>BN</sigla2>
      <sigla3>BRN</sigla3>
   </pais>
   <pais>
      <codigo>100</codigo>
      <nome>Bulgária</nome>
      <ordem>33</ordem>
      <sigla2>BG</sigla2>
      <sigla3>BGR</sigla3>
   </pais>
   <pais>
      <codigo>854</codigo>
      <nome>Burkina Fasso</nome>
      <ordem>34</ordem>
      <sigla2>BF</sigla2>
      <sigla3>BFA</sigla3>
   </pais>
   <pais>
      <codigo>108</codigo>
      <nome>Burundi</nome>
      <ordem>35</ordem>
      <sigla2>BI</sigla2>
      <sigla3>BDI</sigla3>
   </pais>
   <pais>
      <codigo>064</codigo>
      <nome>Butão</nome>
      <ordem>36</ordem>
      <sigla2>BT</sigla2>
      <sigla3>BTN</sigla3>
   </pais>
   <pais>
      <codigo>132</codigo>
      <nome>Cabo Verde</nome>
      <ordem>37</ordem>
      <sigla2>CV</sigla2>
      <sigla3>CPV</sigla3>
   </pais>
   <pais>
      <codigo>120</codigo>
      <nome>Camarões</nome>
      <ordem>38</ordem>
      <sigla2>CM</sigla2>
      <sigla3>CMR</sigla3>
   </pais>
   <pais>
      <codigo>116</codigo>
      <nome>Camboja</nome>
      <ordem>39</ordem>
      <sigla2>KH</sigla2>
      <sigla3>KHM</sigla3>
   </pais>
   <pais>
      <codigo>124</codigo>
      <nome>Canadá</nome>
      <ordem>40</ordem>
      <sigla2>CA</sigla2>
      <sigla3>CAN</sigla3>
   </pais>
   <pais>
      <codigo>398</codigo>
      <nome>Cazaquistão</nome>
      <ordem>41</ordem>
      <sigla2>KZ</sigla2>
      <sigla3>KAZ</sigla3>
   </pais>
   <pais>
      <codigo>148</codigo>
      <nome>Chade</nome>
      <ordem>42</ordem>
      <sigla2>TD</sigla2>
      <sigla3>TCD</sigla3>
   </pais>
   <pais>
      <codigo>152</codigo>
      <nome>Chile</nome>
      <ordem>43</ordem>
      <sigla2>CL</sigla2>
      <sigla3>CHL</sigla3>
   </pais>
   <pais>
      <codigo>156</codigo>
      <nome>China</nome>
      <ordem>44</ordem>
      <sigla2>CN</sigla2>
      <sigla3>CHN</sigla3>
   </pais>
   <pais>
      <codigo>196</codigo>
      <nome>Chipre</nome>
      <ordem>45</ordem>
      <sigla2>CY</sigla2>
      <sigla3>CYP</sigla3>
   </pais>
   <pais>
      <codigo>702</codigo>
      <nome>Cingapura</nome>
      <ordem>46</ordem>
      <sigla2>SG</sigla2>
      <sigla3>SGP</sigla3>
   </pais>
   <pais>
      <codigo>170</codigo>
      <nome>Colômbia</nome>
      <ordem>47</ordem>
      <sigla2>CO</sigla2>
      <sigla3>COL</sigla3>
   </pais>
   <pais>
      <codigo>178</codigo>
      <nome>Congo</nome>
      <ordem>48</ordem>
      <sigla2>CG</sigla2>
      <sigla3>COG</sigla3>
   </pais>
   <pais>
      <codigo>408</codigo>
      <nome>Coréia do Norte</nome>
      <ordem>49</ordem>
      <sigla2>KP</sigla2>
      <sigla3>PRK</sigla3>
   </pais>
   <pais>
      <codigo>410</codigo>
      <nome>Coréia do Sul</nome>
      <ordem>50</ordem>
      <sigla2>KR</sigla2>
      <sigla3>KOR</sigla3>
   </pais>
   <pais>
      <codigo>384</codigo>
      <nome>Costa do Marfim</nome>
      <ordem>51</ordem>
      <sigla2>CI</sigla2>
      <sigla3>CIV</sigla3>
   </pais>
   <pais>
      <codigo>188</codigo>
      <nome>Costa Rica</nome>
      <ordem>52</ordem>
      <sigla2>CR</sigla2>
      <sigla3>CRI</sigla3>
   </pais>
   <pais>
      <codigo>191</codigo>
      <nome>Croácia (Hrvatska)</nome>
      <ordem>53</ordem>
      <sigla2>HR</sigla2>
      <sigla3>HRV</sigla3>
   </pais>
   <pais>
      <codigo>192</codigo>
      <nome>Cuba</nome>
      <ordem>54</ordem>
      <sigla2>CU</sigla2>
      <sigla3>CUB</sigla3>
   </pais>
   <pais>
      <codigo>208</codigo>
      <nome>Dinamarca</nome>
      <ordem>55</ordem>
      <sigla2>DK</sigla2>
      <sigla3>DNK</sigla3>
   </pais>
   <pais>
      <codigo>262</codigo>
      <nome>Djibuti</nome>
      <ordem>56</ordem>
      <sigla2>DJ</sigla2>
      <sigla3>DJI</sigla3>
   </pais>
   <pais>
      <codigo>212</codigo>
      <nome>Dominica</nome>
      <ordem>57</ordem>
      <sigla2>DM</sigla2>
      <sigla3>DMA</sigla3>
   </pais>
   <pais>
      <codigo>818</codigo>
      <nome>Egito</nome>
      <ordem>58</ordem>
      <sigla2>EG</sigla2>
      <sigla3>EGY</sigla3>
   </pais>
   <pais>
      <codigo>222</codigo>
      <nome>El Salvador</nome>
      <ordem>59</ordem>
      <sigla2>SV</sigla2>
      <sigla3>SLV</sigla3>
   </pais>
   <pais>
      <codigo>784</codigo>
      <nome>Emirados Árabes Unidos</nome>
      <ordem>60</ordem>
      <sigla2>AE</sigla2>
      <sigla3>ARE</sigla3>
   </pais>
   <pais>
      <codigo>218</codigo>
      <nome>Equador</nome>
      <ordem>61</ordem>
      <sigla2>EC</sigla2>
      <sigla3>ECU</sigla3>
   </pais>
   <pais>
      <codigo>232</codigo>
      <nome>Eritréia</nome>
      <ordem>62</ordem>
      <sigla2>ER</sigla2>
      <sigla3>ERI</sigla3>
   </pais>
   <pais>
      <codigo>703</codigo>
      <nome>Eslováquia</nome>
      <ordem>63</ordem>
      <sigla2>SK</sigla2>
      <sigla3>SVK</sigla3>
   </pais>
   <pais>
      <codigo>705</codigo>
      <nome>Eslovênia</nome>
      <ordem>64</ordem>
      <sigla2>SI</sigla2>
      <sigla3>SVN</sigla3>
   </pais>
   <pais>
      <codigo>724</codigo>
      <nome>Espanha</nome>
      <ordem>65</ordem>
      <sigla2>ES</sigla2>
      <sigla3>ESP</sigla3>
   </pais>
   <pais>
      <codigo>840</codigo>
      <nome>Estados Unidos</nome>
      <ordem>66</ordem>
      <sigla2>US</sigla2>
      <sigla3>USA</sigla3>
   </pais>
   <pais>
      <codigo>233</codigo>
      <nome>Estônia</nome>
      <ordem>67</ordem>
      <sigla2>EE</sigla2>
      <sigla3>EST</sigla3>
   </pais>
   <pais>
      <codigo>231</codigo>
      <nome>Etiópia</nome>
      <ordem>68</ordem>
      <sigla2>ET</sigla2>
      <sigla3>ETH</sigla3>
   </pais>
   <pais>
      <codigo>242</codigo>
      <nome>Fiji</nome>
      <ordem>69</ordem>
      <sigla2>FJ</sigla2>
      <sigla3>FJI</sigla3>
   </pais>
   <pais>
      <codigo>608</codigo>
      <nome>Filipinas</nome>
      <ordem>70</ordem>
      <sigla2>PH</sigla2>
      <sigla3>PHL</sigla3>
   </pais>
   <pais>
      <codigo>246</codigo>
      <nome>Finlândia</nome>
      <ordem>71</ordem>
      <sigla2>FI</sigla2>
      <sigla3>FIN</sigla3>
   </pais>
   <pais>
      <codigo>250</codigo>
      <nome>França</nome>
      <ordem>72</ordem>
      <sigla2>FR</sigla2>
      <sigla3>FRA</sigla3>
   </pais>
   <pais>
      <codigo>266</codigo>
      <nome>Gabão</nome>
      <ordem>73</ordem>
      <sigla2>GA</sigla2>
      <sigla3>GAB</sigla3>
   </pais>
   <pais>
      <codigo>270</codigo>
      <nome>Gâmbia</nome>
      <ordem>74</ordem>
      <sigla2>GM</sigla2>
      <sigla3>GMB</sigla3>
   </pais>
   <pais>
      <codigo>288</codigo>
      <nome>Gana</nome>
      <ordem>75</ordem>
      <sigla2>GH</sigla2>
      <sigla3>GHA</sigla3>
   </pais>
   <pais>
      <codigo>268</codigo>
      <nome>Geórgia</nome>
      <ordem>76</ordem>
      <sigla2>GE</sigla2>
      <sigla3>GEO</sigla3>
   </pais>
   <pais>
      <codigo>292</codigo>
      <nome>Gibraltar</nome>
      <ordem>77</ordem>
      <sigla2>GI</sigla2>
      <sigla3>GIB</sigla3>
   </pais>
   <pais>
      <codigo>826</codigo>
      <nome>Grã-Bretanha (Reino Unido, UK)</nome>
      <ordem>78</ordem>
      <sigla2>GB</sigla2>
      <sigla3>GBR</sigla3>
   </pais>
   <pais>
      <codigo>308</codigo>
      <nome>Granada</nome>
      <ordem>79</ordem>
      <sigla2>GD</sigla2>
      <sigla3>GRD</sigla3>
   </pais>
   <pais>
      <codigo>300</codigo>
      <nome>Grécia</nome>
      <ordem>80</ordem>
      <sigla2>GR</sigla2>
      <sigla3>GRC</sigla3>
   </pais>
   <pais>
      <codigo>304</codigo>
      <nome>Groelândia</nome>
      <ordem>81</ordem>
      <sigla2>GL</sigla2>
      <sigla3>GRL</sigla3>
   </pais>
   <pais>
      <codigo>312</codigo>
      <nome>Guadalupe</nome>
      <ordem>82</ordem>
      <sigla2>GP</sigla2>
      <sigla3>GLP</sigla3>
   </pais>
   <pais>
      <codigo>316</codigo>
      <nome>Guam (Território dos Estados Unidos)</nome>
      <ordem>83</ordem>
      <sigla2>GU</sigla2>
      <sigla3>GUM</sigla3>
   </pais>
   <pais>
      <codigo>320</codigo>
      <nome>Guatemala</nome>
      <ordem>84</ordem>
      <sigla2>GT</sigla2>
      <sigla3>GTM</sigla3>
   </pais>
   <pais>
      <codigo>832</codigo>
      <nome>Guernsey</nome>
      <ordem>85</ordem>
      <sigla2>G</sigla2>
      <sigla3>GGY</sigla3>
   </pais>
   <pais>
      <codigo>328</codigo>
      <nome>Guiana</nome>
      <ordem>86</ordem>
      <sigla2>GY</sigla2>
      <sigla3>GUY</sigla3>
   </pais>
   <pais>
      <codigo>254</codigo>
      <nome>Guiana Francesa</nome>
      <ordem>87</ordem>
      <sigla2>GF</sigla2>
      <sigla3>GUF</sigla3>
   </pais>
   <pais>
      <codigo>324</codigo>
      <nome>Guiné</nome>
      <ordem>88</ordem>
      <sigla2>GN</sigla2>
      <sigla3>GIN</sigla3>
   </pais>
   <pais>
      <codigo>226</codigo>
      <nome>Guiné Equatorial</nome>
      <ordem>89</ordem>
      <sigla2>GQ</sigla2>
      <sigla3>GNQ</sigla3>
   </pais>
   <pais>
      <codigo>624</codigo>
      <nome>Guiné-Bissau</nome>
      <ordem>90</ordem>
      <sigla2>GW</sigla2>
      <sigla3>GNB</sigla3>
   </pais>
   <pais>
      <codigo>332</codigo>
      <nome>Haiti</nome>
      <ordem>91</ordem>
      <sigla2>HT</sigla2>
      <sigla3>HTI</sigla3>
   </pais>
   <pais>
      <codigo>528</codigo>
      <nome>Holanda</nome>
      <ordem>92</ordem>
      <sigla2>NL</sigla2>
      <sigla3>NLD</sigla3>
   </pais>
   <pais>
      <codigo>340</codigo>
      <nome>Honduras</nome>
      <ordem>93</ordem>
      <sigla2>HN</sigla2>
      <sigla3>HND</sigla3>
   </pais>
   <pais>
      <codigo>344</codigo>
      <nome>Hong Kong</nome>
      <ordem>94</ordem>
      <sigla2>HK</sigla2>
      <sigla3>HKG</sigla3>
   </pais>
   <pais>
      <codigo>348</codigo>
      <nome>Hungria</nome>
      <ordem>95</ordem>
      <sigla2>HU</sigla2>
      <sigla3>HUN</sigla3>
   </pais>
   <pais>
      <codigo>887</codigo>
      <nome>Iêmen</nome>
      <ordem>96</ordem>
      <sigla2>YE</sigla2>
      <sigla3>YEM</sigla3>
   </pais>
   <pais>
      <codigo>074</codigo>
      <nome>Ilha Bouvet (Território da Noruega)</nome>
      <ordem>97</ordem>
      <sigla2>BV</sigla2>
      <sigla3>BVT</sigla3>
   </pais>
   <pais>
      <codigo>833</codigo>
      <nome>Ilha do Homem</nome>
      <ordem>98</ordem>
      <sigla2>IM</sigla2>
      <sigla3>IMN</sigla3>
   </pais>
   <pais>
      <codigo>162</codigo>
      <nome>Ilha Natal</nome>
      <ordem>99</ordem>
      <sigla2>CX</sigla2>
      <sigla3>CXR</sigla3>
   </pais>
   <pais>
      <codigo>612</codigo>
      <nome>Ilha Pitcairn</nome>
      <ordem>100</ordem>
      <sigla2>PN</sigla2>
      <sigla3>PCN</sigla3>
   </pais>
   <pais>
      <codigo>638</codigo>
      <nome>Ilha Reunião</nome>
      <ordem>101</ordem>
      <sigla2>RE</sigla2>
      <sigla3>REU</sigla3>
   </pais>
   <pais>
      <codigo>248</codigo>
      <nome>Ilhas Aland</nome>
      <ordem>102</ordem>
      <sigla2>AX</sigla2>
      <sigla3>ALA</sigla3>
   </pais>
   <pais>
      <codigo>136</codigo>
      <nome>Ilhas Cayman</nome>
      <ordem>103</ordem>
      <sigla2>KY</sigla2>
      <sigla3>CYM</sigla3>
   </pais>
   <pais>
      <codigo>166</codigo>
      <nome>Ilhas Cocos</nome>
      <ordem>104</ordem>
      <sigla2>CC</sigla2>
      <sigla3>CCK</sigla3>
   </pais>
   <pais>
      <codigo>174</codigo>
      <nome>Ilhas Comores</nome>
      <ordem>105</ordem>
      <sigla2>KM</sigla2>
      <sigla3>COM</sigla3>
   </pais>
   <pais>
      <codigo>184</codigo>
      <nome>Ilhas Cook</nome>
      <ordem>106</ordem>
      <sigla2>CK</sigla2>
      <sigla3>COK</sigla3>
   </pais>
   <pais>
      <codigo>234</codigo>
      <nome>Ilhas Faroes</nome>
      <ordem>107</ordem>
      <sigla2>FO</sigla2>
      <sigla3>FRO</sigla3>
   </pais>
   <pais>
      <codigo>238</codigo>
      <nome>Ilhas Falkland (Malvinas)</nome>
      <ordem>108</ordem>
      <sigla2>FK</sigla2>
      <sigla3>FLK</sigla3>
   </pais>
   <pais>
      <codigo>239</codigo>
      <nome>Ilhas Geórgia do Sul e Sandwich do Sul</nome>
      <ordem>109</ordem>
      <sigla2>GS</sigla2>
      <sigla3>SGS</sigla3>
   </pais>
   <pais>
      <codigo>334</codigo>
      <nome>Ilhas Heard e McDonald (Território da Austrália)</nome>
      <ordem>110</ordem>
      <sigla2>HM</sigla2>
      <sigla3>HMD</sigla3>
   </pais>
   <pais>
      <codigo>580</codigo>
      <nome>Ilhas Marianas do Norte</nome>
      <ordem>111</ordem>
      <sigla2>MP</sigla2>
      <sigla3>MNP</sigla3>
   </pais>
   <pais>
      <codigo>584</codigo>
      <nome>Ilhas Marshall</nome>
      <ordem>112</ordem>
      <sigla2>MH</sigla2>
      <sigla3>MHL</sigla3>
   </pais>
   <pais>
      <codigo>581</codigo>
      <nome>Ilhas Menores dos Estados Unidos</nome>
      <ordem>113</ordem>
      <sigla2>UM</sigla2>
      <sigla3>UMI</sigla3>
   </pais>
   <pais>
      <codigo>574</codigo>
      <nome>Ilhas Norfolk</nome>
      <ordem>114</ordem>
      <sigla2>NF</sigla2>
      <sigla3>NFK</sigla3>
   </pais>
   <pais>
      <codigo>690</codigo>
      <nome>Ilhas Seychelles</nome>
      <ordem>115</ordem>
      <sigla2>SC</sigla2>
      <sigla3>SYC</sigla3>
   </pais>
   <pais>
      <codigo>090</codigo>
      <nome>Ilhas Solomão</nome>
      <ordem>116</ordem>
      <sigla2>SB</sigla2>
      <sigla3>SLB</sigla3>
   </pais>
   <pais>
      <codigo>744</codigo>
      <nome>Ilhas Svalbard e Jan Mayen</nome>
      <ordem>117</ordem>
      <sigla2>SJ</sigla2>
      <sigla3>SJM</sigla3>
   </pais>
   <pais>
      <codigo>772</codigo>
      <nome>Ilhas Tokelau</nome>
      <ordem>118</ordem>
      <sigla2>TK</sigla2>
      <sigla3>TKL</sigla3>
   </pais>
   <pais>
      <codigo>796</codigo>
      <nome>Ilhas Turks e Caicos</nome>
      <ordem>119</ordem>
      <sigla2>TC</sigla2>
      <sigla3>TCA</sigla3>
   </pais>
   <pais>
      <codigo>850</codigo>
      <nome>Ilhas Virgens (Estados Unidos)</nome>
      <ordem>120</ordem>
      <sigla2>VI</sigla2>
      <sigla3>VIR</sigla3>
   </pais>
   <pais>
      <codigo>092</codigo>
      <nome>Ilhas Virgens (Inglaterra)</nome>
      <ordem>121</ordem>
      <sigla2>VG</sigla2>
      <sigla3>VGB</sigla3>
   </pais>
   <pais>
      <codigo>876</codigo>
      <nome>Ilhas Wallis e Futuna</nome>
      <ordem>122</ordem>
      <sigla2>WF</sigla2>
      <sigla3>WLF</sigla3>
   </pais>
   <pais>
      <codigo>356</codigo>
      <nome>índia</nome>
      <ordem>123</ordem>
      <sigla2>IN</sigla2>
      <sigla3>IND</sigla3>
   </pais>
   <pais>
      <codigo>360</codigo>
      <nome>Indonésia</nome>
      <ordem>124</ordem>
      <sigla2>ID</sigla2>
      <sigla3>IDN</sigla3>
   </pais>
   <pais>
      <codigo>364</codigo>
      <nome>Irã</nome>
      <ordem>125</ordem>
      <sigla2>IR</sigla2>
      <sigla3>IRN</sigla3>
   </pais>
   <pais>
      <codigo>368</codigo>
      <nome>Iraque</nome>
      <ordem>126</ordem>
      <sigla2>IQ</sigla2>
      <sigla3>IRQ</sigla3>
   </pais>
   <pais>
      <codigo>372</codigo>
      <nome>Irlanda</nome>
      <ordem>127</ordem>
      <sigla2>IE</sigla2>
      <sigla3>IRL</sigla3>
   </pais>
   <pais>
      <codigo>352</codigo>
      <nome>Islândia</nome>
      <ordem>128</ordem>
      <sigla2>IS</sigla2>
      <sigla3>ISL</sigla3>
   </pais>
   <pais>
      <codigo>376</codigo>
      <nome>Israel</nome>
      <ordem>129</ordem>
      <sigla2>IL</sigla2>
      <sigla3>ISR</sigla3>
   </pais>
   <pais>
      <codigo>380</codigo>
      <nome>Itália</nome>
      <ordem>130</ordem>
      <sigla2>IT</sigla2>
      <sigla3>ITA</sigla3>
   </pais>
   <pais>
      <codigo>388</codigo>
      <nome>Jamaica</nome>
      <ordem>131</ordem>
      <sigla2>JM</sigla2>
      <sigla3>JAM</sigla3>
   </pais>
   <pais>
      <codigo>392</codigo>
      <nome>Japão</nome>
      <ordem>132</ordem>
      <sigla2>JP</sigla2>
      <sigla3>JPN</sigla3>
   </pais>
   <pais>
      <codigo>832</codigo>
      <nome>Jersey</nome>
      <ordem>133</ordem>
      <sigla2>JE</sigla2>
      <sigla3>JEY</sigla3>
   </pais>
   <pais>
      <codigo>400</codigo>
      <nome>Jordânia</nome>
      <ordem>134</ordem>
      <sigla2>JO</sigla2>
      <sigla3>JOR</sigla3>
   </pais>
   <pais>
      <codigo>404</codigo>
      <nome>Kênia</nome>
      <ordem>135</ordem>
      <sigla2>KE</sigla2>
      <sigla3>KEN</sigla3>
   </pais>
   <pais>
      <codigo>296</codigo>
      <nome>Kiribati</nome>
      <ordem>136</ordem>
      <sigla2>KI</sigla2>
      <sigla3>KIR</sigla3>
   </pais>
   <pais>
      <codigo>414</codigo>
      <nome>Kuait</nome>
      <ordem>137</ordem>
      <sigla2>KW</sigla2>
      <sigla3>KWT</sigla3>
   </pais>
   <pais>
      <codigo>418</codigo>
      <nome>Laos</nome>
      <ordem>138</ordem>
      <sigla2>LA</sigla2>
      <sigla3>LAO</sigla3>
   </pais>
   <pais>
      <codigo>428</codigo>
      <nome>Látvia</nome>
      <ordem>139</ordem>
      <sigla2>LV</sigla2>
      <sigla3>LVA</sigla3>
   </pais>
   <pais>
      <codigo>426</codigo>
      <nome>Lesoto</nome>
      <ordem>140</ordem>
      <sigla2>LS</sigla2>
      <sigla3>LSO</sigla3>
   </pais>
   <pais>
      <codigo>422</codigo>
      <nome>Líbano</nome>
      <ordem>141</ordem>
      <sigla2>LB</sigla2>
      <sigla3>LBN</sigla3>
   </pais>
   <pais>
      <codigo>430</codigo>
      <nome>Libéria</nome>
      <ordem>142</ordem>
      <sigla2>LR</sigla2>
      <sigla3>LBR</sigla3>
   </pais>
   <pais>
      <codigo>434</codigo>
      <nome>Líbia</nome>
      <ordem>143</ordem>
      <sigla2>LY</sigla2>
      <sigla3>LBY</sigla3>
   </pais>
   <pais>
      <codigo>438</codigo>
      <nome>Liechtenstein</nome>
      <ordem>144</ordem>
      <sigla2>LI</sigla2>
      <sigla3>LIE</sigla3>
   </pais>
   <pais>
      <codigo>440</codigo>
      <nome>Lituânia</nome>
      <ordem>145</ordem>
      <sigla2>LT</sigla2>
      <sigla3>LTU</sigla3>
   </pais>
   <pais>
      <codigo>442</codigo>
      <nome>Luxemburgo</nome>
      <ordem>146</ordem>
      <sigla2>LU</sigla2>
      <sigla3>LUX</sigla3>
   </pais>
   <pais>
      <codigo>446</codigo>
      <nome>Macau</nome>
      <ordem>147</ordem>
      <sigla2>MO</sigla2>
      <sigla3>MAC</sigla3>
   </pais>
   <pais>
      <codigo>807</codigo>
      <nome>Macedônia (República Yugoslava)</nome>
      <ordem>148</ordem>
      <sigla2>MK</sigla2>
      <sigla3>MKD</sigla3>
   </pais>
   <pais>
      <codigo>450</codigo>
      <nome>Madagascar</nome>
      <ordem>149</ordem>
      <sigla2>MG</sigla2>
      <sigla3>MDG</sigla3>
   </pais>
   <pais>
      <codigo>458</codigo>
      <nome>Malásia</nome>
      <ordem>150</ordem>
      <sigla2>MY</sigla2>
      <sigla3>MYS</sigla3>
   </pais>
   <pais>
      <codigo>454</codigo>
      <nome>Malaui</nome>
      <ordem>151</ordem>
      <sigla2>MW</sigla2>
      <sigla3>MWI</sigla3>
   </pais>
   <pais>
      <codigo>462</codigo>
      <nome>Maldivas</nome>
      <ordem>152</ordem>
      <sigla2>MV</sigla2>
      <sigla3>MDV</sigla3>
   </pais>
   <pais>
      <codigo>466</codigo>
      <nome>Mali</nome>
      <ordem>153</ordem>
      <sigla2>ML</sigla2>
      <sigla3>MLI</sigla3>
   </pais>
   <pais>
      <codigo>470</codigo>
      <nome>Malta</nome>
      <ordem>154</ordem>
      <sigla2>MT</sigla2>
      <sigla3>MLT</sigla3>
   </pais>
   <pais>
      <codigo>504</codigo>
      <nome>Marrocos</nome>
      <ordem>155</ordem>
      <sigla2>MA</sigla2>
      <sigla3>MAR</sigla3>
   </pais>
   <pais>
      <codigo>474</codigo>
      <nome>Martinica</nome>
      <ordem>156</ordem>
      <sigla2>MQ</sigla2>
      <sigla3>MTQ</sigla3>
   </pais>
   <pais>
      <codigo>480</codigo>
      <nome>Maurício</nome>
      <ordem>157</ordem>
      <sigla2>MU</sigla2>
      <sigla3>MUS</sigla3>
   </pais>
   <pais>
      <codigo>478</codigo>
      <nome>Mauritânia</nome>
      <ordem>158</ordem>
      <sigla2>MR</sigla2>
      <sigla3>MRT</sigla3>
   </pais>
   <pais>
      <codigo>175</codigo>
      <nome>Mayotte</nome>
      <ordem>159</ordem>
      <sigla2>YT</sigla2>
      <sigla3>MYT</sigla3>
   </pais>
   <pais>
      <codigo>484</codigo>
      <nome>México</nome>
      <ordem>160</ordem>
      <sigla2>MX</sigla2>
      <sigla3>MEX</sigla3>
   </pais>
   <pais>
      <codigo>583</codigo>
      <nome>Micronésia</nome>
      <ordem>161</ordem>
      <sigla2>FM</sigla2>
      <sigla3>FSM</sigla3>
   </pais>
   <pais>
      <codigo>508</codigo>
      <nome>Moçambique</nome>
      <ordem>162</ordem>
      <sigla2>MZ</sigla2>
      <sigla3>MOZ</sigla3>
   </pais>
   <pais>
      <codigo>498</codigo>
      <nome>Moldova</nome>
      <ordem>163</ordem>
      <sigla2>MD</sigla2>
      <sigla3>MDA</sigla3>
   </pais>
   <pais>
      <codigo>492</codigo>
      <nome>Mônaco</nome>
      <ordem>164</ordem>
      <sigla2>MC</sigla2>
      <sigla3>MCO</sigla3>
   </pais>
   <pais>
      <codigo>496</codigo>
      <nome>Mongólia</nome>
      <ordem>165</ordem>
      <sigla2>MN</sigla2>
      <sigla3>MNG</sigla3>
   </pais>
   <pais>
      <codigo>499</codigo>
      <nome>Montenegro</nome>
      <ordem>166</ordem>
      <sigla2>ME</sigla2>
      <sigla3>MNE</sigla3>
   </pais>
   <pais>
      <codigo>500</codigo>
      <nome>Montserrat</nome>
      <ordem>167</ordem>
      <sigla2>MS</sigla2>
      <sigla3>MSR</sigla3>
   </pais>
   <pais>
      <codigo>104</codigo>
      <nome>Myanma</nome>
      <ordem>168</ordem>
      <sigla2>MM</sigla2>
      <sigla3>MMR</sigla3>
   </pais>
   <pais>
      <codigo>516</codigo>
      <nome>Namíbia</nome>
      <ordem>169</ordem>
      <sigla2>NA</sigla2>
      <sigla3>NAM</sigla3>
   </pais>
   <pais>
      <codigo>520</codigo>
      <nome>Nauru</nome>
      <ordem>170</ordem>
      <sigla2>NR</sigla2>
      <sigla3>NRU</sigla3>
   </pais>
   <pais>
      <codigo>524</codigo>
      <nome>Nepal</nome>
      <ordem>171</ordem>
      <sigla2>NP</sigla2>
      <sigla3>NPL</sigla3>
   </pais>
   <pais>
      <codigo>558</codigo>
      <nome>Nicarágua</nome>
      <ordem>172</ordem>
      <sigla2>NI</sigla2>
      <sigla3>NIC</sigla3>
   </pais>
   <pais>
      <codigo>562</codigo>
      <nome>Níger</nome>
      <ordem>173</ordem>
      <sigla2>NE</sigla2>
      <sigla3>NER</sigla3>
   </pais>
   <pais>
      <codigo>566</codigo>
      <nome>Nigéria</nome>
      <ordem>174</ordem>
      <sigla2>NG</sigla2>
      <sigla3>NGA</sigla3>
   </pais>
   <pais>
      <codigo>570</codigo>
      <nome>Niue</nome>
      <ordem>175</ordem>
      <sigla2>NU</sigla2>
      <sigla3>NIU</sigla3>
   </pais>
   <pais>
      <codigo>578</codigo>
      <nome>Noruega</nome>
      <ordem>176</ordem>
      <sigla2>NO</sigla2>
      <sigla3>NOR</sigla3>
   </pais>
   <pais>
      <codigo>540</codigo>
      <nome>Nova Caledônia</nome>
      <ordem>177</ordem>
      <sigla2>NC</sigla2>
      <sigla3>NCL</sigla3>
   </pais>
   <pais>
      <codigo>554</codigo>
      <nome>Nova Zelândia</nome>
      <ordem>178</ordem>
      <sigla2>NZ</sigla2>
      <sigla3>NZL</sigla3>
   </pais>
   <pais>
      <codigo>512</codigo>
      <nome>Omã</nome>
      <ordem>179</ordem>
      <sigla2>OM</sigla2>
      <sigla3>OMN</sigla3>
   </pais>
   <pais>
      <codigo>585</codigo>
      <nome>Palau</nome>
      <ordem>180</ordem>
      <sigla2>PW</sigla2>
      <sigla3>PLW</sigla3>
   </pais>
   <pais>
      <codigo>591</codigo>
      <nome>Panamá</nome>
      <ordem>181</ordem>
      <sigla2>PA</sigla2>
      <sigla3>PAN</sigla3>
   </pais>
   <pais>
      <codigo>598</codigo>
      <nome>Papua-Nova Guiné</nome>
      <ordem>182</ordem>
      <sigla2>PG</sigla2>
      <sigla3>PNG</sigla3>
   </pais>
   <pais>
      <codigo>586</codigo>
      <nome>Paquistão</nome>
      <ordem>183</ordem>
      <sigla2>PK</sigla2>
      <sigla3>PAK</sigla3>
   </pais>
   <pais>
      <codigo>600</codigo>
      <nome>Paraguai</nome>
      <ordem>184</ordem>
      <sigla2>PY</sigla2>
      <sigla3>PRY</sigla3>
   </pais>
   <pais>
      <codigo>604</codigo>
      <nome>Peru</nome>
      <ordem>185</ordem>
      <sigla2>PE</sigla2>
      <sigla3>PER</sigla3>
   </pais>
   <pais>
      <codigo>258</codigo>
      <nome>Polinésia Francesa</nome>
      <ordem>186</ordem>
      <sigla2>PF</sigla2>
      <sigla3>PYF</sigla3>
   </pais>
   <pais>
      <codigo>616</codigo>
      <nome>Polônia</nome>
      <ordem>187</ordem>
      <sigla2>PL</sigla2>
      <sigla3>POL</sigla3>
   </pais>
   <pais>
      <codigo>630</codigo>
      <nome>Porto Rico</nome>
      <ordem>188</ordem>
      <sigla2>PR</sigla2>
      <sigla3>PRI</sigla3>
   </pais>
   <pais>
      <codigo>620</codigo>
      <nome>Portugal</nome>
      <ordem>189</ordem>
      <sigla2>PT</sigla2>
      <sigla3>PRT</sigla3>
   </pais>
   <pais>
      <codigo>634</codigo>
      <nome>Qatar</nome>
      <ordem>190</ordem>
      <sigla2>QA</sigla2>
      <sigla3>QAT</sigla3>
   </pais>
   <pais>
      <codigo>417</codigo>
      <nome>Quirguistão</nome>
      <ordem>191</ordem>
      <sigla2>KG</sigla2>
      <sigla3>KGZ</sigla3>
   </pais>
   <pais>
      <codigo>140</codigo>
      <nome>República Centro-Africana</nome>
      <ordem>192</ordem>
      <sigla2>CF</sigla2>
      <sigla3>CAF</sigla3>
   </pais>
   <pais>
      <codigo>180</codigo>
      <nome>República Democrática do Congo</nome>
      <ordem>193</ordem>
      <sigla2>CD</sigla2>
      <sigla3>COD</sigla3>
   </pais>
   <pais>
      <codigo>214</codigo>
      <nome>República Dominicana</nome>
      <ordem>194</ordem>
      <sigla2>DO</sigla2>
      <sigla3>DOM</sigla3>
   </pais>
   <pais>
      <codigo>203</codigo>
      <nome>República Tcheca</nome>
      <ordem>195</ordem>
      <sigla2>CZ</sigla2>
      <sigla3>CZE</sigla3>
   </pais>
   <pais>
      <codigo>642</codigo>
      <nome>Romênia</nome>
      <ordem>196</ordem>
      <sigla2>RO</sigla2>
      <sigla3>ROM</sigla3>
   </pais>
   <pais>
      <codigo>646</codigo>
      <nome>Ruanda</nome>
      <ordem>197</ordem>
      <sigla2>RW</sigla2>
      <sigla3>RWA</sigla3>
   </pais>
   <pais>
      <codigo>643</codigo>
      <nome>Rússia (antiga URSS) - Federação Russa</nome>
      <ordem>198</ordem>
      <sigla2>RU</sigla2>
      <sigla3>RUS</sigla3>
   </pais>
   <pais>
      <codigo>732</codigo>
      <nome>Saara Ocidental</nome>
      <ordem>199</ordem>
      <sigla2>EH</sigla2>
      <sigla3>ESH</sigla3>
   </pais>
   <pais>
      <codigo>670</codigo>
      <nome>Saint Vincente e Granadinas</nome>
      <ordem>200</ordem>
      <sigla2>VC</sigla2>
      <sigla3>VCT</sigla3>
   </pais>
   <pais>
      <codigo>016</codigo>
      <nome>Samoa Americana</nome>
      <ordem>201</ordem>
      <sigla2>AS</sigla2>
      <sigla3>ASM</sigla3>
   </pais>
   <pais>
      <codigo>882</codigo>
      <nome>Samoa Ocidental</nome>
      <ordem>202</ordem>
      <sigla2>WS</sigla2>
      <sigla3>WSM</sigla3>
   </pais>
   <pais>
      <codigo>674</codigo>
      <nome>San Marino</nome>
      <ordem>203</ordem>
      <sigla2>SM</sigla2>
      <sigla3>SMR</sigla3>
   </pais>
   <pais>
      <codigo>654</codigo>
      <nome>Santa Helena</nome>
      <ordem>204</ordem>
      <sigla2>SH</sigla2>
      <sigla3>SHN</sigla3>
   </pais>
   <pais>
      <codigo>662</codigo>
      <nome>Santa Lúcia</nome>
      <ordem>205</ordem>
      <sigla2>LC</sigla2>
      <sigla3>LCA</sigla3>
   </pais>
   <pais>
      <codigo>652</codigo>
      <nome>São Bartolomeu</nome>
      <ordem>206</ordem>
      <sigla2>BL</sigla2>
      <sigla3>BLM</sigla3>
   </pais>
   <pais>
      <codigo>659</codigo>
      <nome>São Cristóvão e Névis</nome>
      <ordem>207</ordem>
      <sigla2>KN</sigla2>
      <sigla3>KNA</sigla3>
   </pais>
   <pais>
      <codigo>663</codigo>
      <nome>São Martim</nome>
      <ordem>208</ordem>
      <sigla2>MF</sigla2>
      <sigla3>MAF</sigla3>
   </pais>
   <pais>
      <codigo>678</codigo>
      <nome>São Tomé e Príncipe</nome>
      <ordem>209</ordem>
      <sigla2>ST</sigla2>
      <sigla3>STP</sigla3>
   </pais>
   <pais>
      <codigo>686</codigo>
      <nome>Senegal</nome>
      <ordem>210</ordem>
      <sigla2>SN</sigla2>
      <sigla3>SEN</sigla3>
   </pais>
   <pais>
      <codigo>694</codigo>
      <nome>Serra Leoa</nome>
      <ordem>211</ordem>
      <sigla2>SL</sigla2>
      <sigla3>SLE</sigla3>
   </pais>
   <pais>
      <codigo>688</codigo>
      <nome>Sérvia</nome>
      <ordem>212</ordem>
      <sigla2>RS</sigla2>
      <sigla3>SRB</sigla3>
   </pais>
   <pais>
      <codigo>760</codigo>
      <nome>Síria</nome>
      <ordem>213</ordem>
      <sigla2>SY</sigla2>
      <sigla3>SYR</sigla3>
   </pais>
   <pais>
      <codigo>706</codigo>
      <nome>Somália</nome>
      <ordem>214</ordem>
      <sigla2>SO</sigla2>
      <sigla3>SOM</sigla3>
   </pais>
   <pais>
      <codigo>144</codigo>
      <nome>Sri Lanka</nome>
      <ordem>215</ordem>
      <sigla2>LK</sigla2>
      <sigla3>LKA</sigla3>
   </pais>
   <pais>
      <codigo>666</codigo>
      <nome>St. Pierre and Miquelon</nome>
      <ordem>216</ordem>
      <sigla2>PM</sigla2>
      <sigla3>SPM</sigla3>
   </pais>
   <pais>
      <codigo>748</codigo>
      <nome>Suazilândia</nome>
      <ordem>217</ordem>
      <sigla2>SZ</sigla2>
      <sigla3>SWZ</sigla3>
   </pais>
   <pais>
      <codigo>736</codigo>
      <nome>Sudão</nome>
      <ordem>218</ordem>
      <sigla2>SD</sigla2>
      <sigla3>SDN</sigla3>
   </pais>
   <pais>
      <codigo>752</codigo>
      <nome>Suécia</nome>
      <ordem>219</ordem>
      <sigla2>SE</sigla2>
      <sigla3>SWE</sigla3>
   </pais>
   <pais>
      <codigo>756</codigo>
      <nome>Suíça</nome>
      <ordem>220</ordem>
      <sigla2>CH</sigla2>
      <sigla3>CHE</sigla3>
   </pais>
   <pais>
      <codigo>740</codigo>
      <nome>Suriname</nome>
      <ordem>221</ordem>
      <sigla2>SR</sigla2>
      <sigla3>SUR</sigla3>
   </pais>
   <pais>
      <codigo>762</codigo>
      <nome>Tadjiquistão</nome>
      <ordem>222</ordem>
      <sigla2>TJ</sigla2>
      <sigla3>TJK</sigla3>
   </pais>
   <pais>
      <codigo>764</codigo>
      <nome>Tailândia</nome>
      <ordem>223</ordem>
      <sigla2>TH</sigla2>
      <sigla3>THA</sigla3>
   </pais>
   <pais>
      <codigo>158</codigo>
      <nome>Taiwan</nome>
      <ordem>224</ordem>
      <sigla2>TW</sigla2>
      <sigla3>TWN</sigla3>
   </pais>
   <pais>
      <codigo>834</codigo>
      <nome>Tanzânia</nome>
      <ordem>225</ordem>
      <sigla2>TZ</sigla2>
      <sigla3>TZA</sigla3>
   </pais>
   <pais>
      <codigo>086</codigo>
      <nome>Território Britânico do Oceano índico</nome>
      <ordem>226</ordem>
      <sigla2>IO</sigla2>
      <sigla3>IOT</sigla3>
   </pais>
   <pais>
      <codigo>260</codigo>
      <nome>Territórios do Sul da França</nome>
      <ordem>227</ordem>
      <sigla2>TF</sigla2>
      <sigla3>ATF</sigla3>
   </pais>
   <pais>
      <codigo>275</codigo>
      <nome>Territórios Palestinos Ocupados</nome>
      <ordem>228</ordem>
      <sigla2>PS</sigla2>
      <sigla3>PSE</sigla3>
   </pais>
   <pais>
      <codigo>626</codigo>
      <nome>Timor Leste</nome>
      <ordem>229</ordem>
      <sigla2>TP</sigla2>
      <sigla3>TMP</sigla3>
   </pais>
   <pais>
      <codigo>768</codigo>
      <nome>Togo</nome>
      <ordem>230</ordem>
      <sigla2>TG</sigla2>
      <sigla3>TGO</sigla3>
   </pais>
   <pais>
      <codigo>776</codigo>
      <nome>Tonga</nome>
      <ordem>231</ordem>
      <sigla2>TO</sigla2>
      <sigla3>TON</sigla3>
   </pais>
   <pais>
      <codigo>780</codigo>
      <nome>Trinidad and Tobago</nome>
      <ordem>232</ordem>
      <sigla2>TT</sigla2>
      <sigla3>TTO</sigla3>
   </pais>
   <pais>
      <codigo>788</codigo>
      <nome>Tunísia</nome>
      <ordem>233</ordem>
      <sigla2>TN</sigla2>
      <sigla3>TUN</sigla3>
   </pais>
   <pais>
      <codigo>795</codigo>
      <nome>Turcomenistão</nome>
      <ordem>234</ordem>
      <sigla2>TM</sigla2>
      <sigla3>TKM</sigla3>
   </pais>
   <pais>
      <codigo>792</codigo>
      <nome>Turquia</nome>
      <ordem>235</ordem>
      <sigla2>TR</sigla2>
      <sigla3>TUR</sigla3>
   </pais>
   <pais>
      <codigo>798</codigo>
      <nome>Tuvalu</nome>
      <ordem>236</ordem>
      <sigla2>TV</sigla2>
      <sigla3>TUV</sigla3>
   </pais>
   <pais>
      <codigo>804</codigo>
      <nome>Ucrânia</nome>
      <ordem>237</ordem>
      <sigla2>UA</sigla2>
      <sigla3>UKR</sigla3>
   </pais>
   <pais>
      <codigo>800</codigo>
      <nome>Uganda</nome>
      <ordem>238</ordem>
      <sigla2>UG</sigla2>
      <sigla3>UGA</sigla3>
   </pais>
   <pais>
      <codigo>858</codigo>
      <nome>Uruguai</nome>
      <ordem>239</ordem>
      <sigla2>UY</sigla2>
      <sigla3>URY</sigla3>
   </pais>
   <pais>
      <codigo>860</codigo>
      <nome>Uzbequistão</nome>
      <ordem>240</ordem>
      <sigla2>UZ</sigla2>
      <sigla3>UZB</sigla3>
   </pais>
   <pais>
      <codigo>548</codigo>
      <nome>Vanuatu</nome>
      <ordem>241</ordem>
      <sigla2>VU</sigla2>
      <sigla3>VUT</sigla3>
   </pais>
   <pais>
      <codigo>336</codigo>
      <nome>Vaticano</nome>
      <ordem>242</ordem>
      <sigla2>VA</sigla2>
      <sigla3>VAT</sigla3>
   </pais>
   <pais>
      <codigo>862</codigo>
      <nome>Venezuela</nome>
      <ordem>243</ordem>
      <sigla2>VE</sigla2>
      <sigla3>VEN</sigla3>
   </pais>
   <pais>
      <codigo>704</codigo>
      <nome>Vietnã</nome>
      <ordem>244</ordem>
      <sigla2>VN</sigla2>
      <sigla3>VNM</sigla3>
   </pais>
   <pais>
      <codigo>894</codigo>
      <nome>Zâmbia</nome>
      <ordem>245</ordem>
      <sigla2>ZM</sigla2>
      <sigla3>ZMB</sigla3>
   </pais>
   <pais>
      <codigo>716</codigo>
      <nome>Zimbábue</nome>
      <ordem>246</ordem>
      <sigla2>ZW</sigla2>
      <sigla3>ZWE</sigla3>
   </pais>
</paises>
